<?xml version='1.0' encoding='utf-8'?>
<!DOCTYPE hibernate-configuration PUBLIC
"-//Hibernate/Hibernate Configuration DTD//EN"
"http://hibernate.sourceforge.net/hibernate-configuration-3.0.dtd">

<hibernate-configuration>
<session-factory>
      <property name="dialect">org.hibernate.dialect.OracleDialect</property>
		<property name="connection.driver_class">oracle.jdbc.OracleDriver</property>
		<property name="connection.url">jdbc:oracle:thin:@localhost:1521:XE</property>
		<property name="connection.username">system</property>
		<property name="connection.password">admin</property>
		<property name="connection.autocommit">true</property>
		<property name="show_sql">true</property>
		<property name="hbm2ddl.auto">update</property>
      
      <!-- Mapping files -->
      <mapping class="com.pradeep.hibernate.Employee"/>
      <mapping class="com.pradeep.hibernate.EmployeeAddress"/>
      <mapping class="com.pradeep.hibernate.Group"/>
      <mapping class="com.pradeep.hibernate.Story"/>
      <mapping class="com.pradeep.hibernate.Author"/>
      <mapping class="com.pradeep.hibernate.Book"/>
          

      
</session-factory>
</hibernate-configuration>