<?xml version="1.0"?>
<!DOCTYPE hibernate-mapping PUBLIC 
    "-//Hibernate/Hibernate Mapping DTD 3.0//EN"
    "http://hibernate.sourceforge.net/hibernate-mapping-3.0.dtd">
<hibernate-mapping>
	<class name="com.pradeep.hibernate.Author" table="pc_author">
		<id name="id" type="int" column="id" unsaved-value="0">
			<generator class="increment"/>
		</id>
		<property 
		  	name="authorName"
			type="java.lang.String"
			column="authorName"
			not-null="true"
			length="50"
		/>
		<set name="books" table="pc_author_book" cascade="all" lazy="false">
            <key column="authorId"/>
            <many-to-many column="bookId" class="com.pradeep.hibernate.Book"/>   
        </set>
	</class>
</hibernate-mapping>