<?xml version="1.0"?>
<!DOCTYPE hibernate-mapping PUBLIC 
    "-//Hibernate/Hibernate Mapping DTD 3.0//EN"
    "http://hibernate.sourceforge.net/hibernate-mapping-3.0.dtd">
<hibernate-mapping>
	<class name="com.pradeep.hibernate.Book" table="pc_book">
		<id name="id" type="int" column="id" unsaved-value="0">
			<generator class="increment"/>
		</id>
		<property 
		  	name="bookName"
			type="java.lang.String"
			column="bookName"
			not-null="true"
			length="50"
		/>
		
		
		<set name="authors" table="pc_author_book" cascade="all" lazy="false" inverse="false">
            <key column="bookId"/>
            <many-to-many column="authorId" class="com.pradeep.hibernate.Author"/>
            
        </set>
        
	</class>
	
	
</hibernate-mapping>