<?xml version='1.0' encoding='utf-8'?>
<!DOCTYPE hibernate-configuration PUBLIC
"-//Hibernate/Hibernate Configuration DTD//EN"
"http://hibernate.sourceforge.net/hibernate-configuration-3.0.dtd">

<hibernate-configuration>
<session-factory>
      <property name="dialect">org.hibernate.dialect.OracleDialect</property>
		<property name="connection.driver_class">oracle.jdbc.OracleDriver</property>
		<property name="connection.url">jdbc:oracle:thin:@localhost:1521:XE</property>
		<property name="connection.username">system</property>
		<property name="connection.password">admin</property>
		<property name="connection.autocommit">true</property>
		<property name="show_sql">true</property>
		<property name="hbm2ddl.auto">create</property>
      
      <!-- Mapping files -->
      <mapping resource="Employee.hbm.xml"/>
      <mapping resource="Group.hbm.xml"/>
       <mapping resource="author.hbm.xml"/>
      <mapping resource="book.hbm.xml"/>
 
      
      
      

      
</session-factory>
</hibernate-configuration>